feature,mean_abs_shap
price_per_cent_from_price,0.6867136103086592
area_sqft,0.36180659268111537
cents,0.34820171682358214
loc_mean_price,0.09308585304118218
locality,0.009444691346202001
dist_mean_price,0.009293482183350441
loc_count,0.00841809011428255
district,0.007932932886271542
dist_count,0.004881289285266877
location,0.0
